Title,Authors,URL,DOI,Published Date,Summary
COMPUTING THE PROBABILITY OF OVERFITTING IN THE BACKTESTING AND OPTIMIZATION OF INVESTMENT STRATEGIES,M. L. Prado,https://www.semanticscholar.org/paper/7ffada54b48286cb3ac78a1ac60bca903af15573,,2013,"Most firms and portfolio managers rely on backtests (or historical simulations of performance) to select investment strategies and allocate them capital. We prove that after trying only 7 strategy configurations, a researcher is expected to identify at least one 2-year long backtest with an annualized Sharpe ratio of over 1, when the expected out of sample Sharpe ratio is 0. If the researcher tries a large enough number of strategy configurations, a backtest can always be fit to any desired performance for a fixed sample length. We find that there is a minimum backtest length (MinBTL) that should be required for a given number of trials. A Sharpe ratio of 10 over 50 years requires more overfitting effort than a Sharpe ratio of 2 over 5 years, but nowadays’ computational power makes backtest overfitting a relatively easy task. The practical totality of published backtests do not report the number of trials involved, thus we suspect that many backtests may be substantially overfit. Standard statistical techniques designed to prevent regression overfitting, such as holdout, tend to be unreliable and inaccurate in the context of investment backtests. We propose a framework that estimates the probability of backtest overfitting (PBO) specifically in the context of investment simulations, through a numerical method that we call combinatorially symmetric cross-validation (CSCV). We show that CSCV produces accurate estimates of the probability that a particular backtest is overfit."
The probability of back-test over-fitting,"David H. Bailey, J. Borwein, Lopez M. de Pardo, Q. Zhu",https://www.semanticscholar.org/paper/b1233b4f5384f003e85c2e0eec1a2dfc08f624c5,10.2139/SSRN.2326253,2016,"Most firms and portfolio managers rely on backtests (or historical simulations of performance) to select investment strategies and allocate them capital. Standard statistical techniques designed to prevent regression over-fitting, such as hold-out, tend to be unreliable and inaccurate in the context of investment backtests. We propose a framework that estimates the probability of backtest over-fitting (PBO) specifically in the context of investment simulations, through a numerical method that we call combinatorially symmetric cross-validation (CSCV). We show that CSCV produces accurate estimates of the probability that a particular backtest is over-fit.The appendices for this paper are available at the following URL: http://ssrn.com/abstract=2568435"
2 The Backtest Overfitting Demonstration Tool,"D. Bailey, J. Borwein, A. Salehipour, M. L. Prado, Q. Zhu",https://www.semanticscholar.org/paper/0e6724fbe94281590922caf9f49a6abb235da107,,2016,"In mathematical finance, backtest overfitting means the usage of historical market data (a backtest) to develop an investment strategy, where many variations of the strategy are tried on the same dataset. Backtest overfitting is now thought to be a primary reason why quantitative investment models and strategies that look good on paper (based on backtests) often disappoint in practice. Models suffering from this condition target the specific idiosyncrasies of a limited dataset, rather than any general behavior, and, as a result, often perform poorly when presented with new data. Backtest overfitting is an instance of the more general phenomenon of multiple testing in scientific research, where a large number of variations of a model are tested on the same data, without accounting for the increase in false positive rates. Standard overfitting techniques, such as the hold-out method, fail to identify this problem, because they are designed to evaluate the complexity of a model relative to the dataset, still assuming that a single test has taken place. An example will clarify this difference: Suppose that a new compound XYZ is developed to treat headaches. We wish to test for the hypothesis that XYZ is actually effective. A false positive occurs when we falsely determine that XYZ has been effective. This can occur for a variety of reasons: the patient was misdiagnosed, the pain associated with headache oscillated closely to the threshold level to declare the condition, etc. Suppose that the probability of false positive is only 5%. We could test variations of the compound by changing an irrelevant characteristic (the color, the taste, the shape of the pill), and it is expected that at least 1 in 20 of those variations will be (falsely) declared effective. The problem does not lie with biology or the complexity of the compound. Instead, the researcher has conducted multiple tests while treating each individually, not realizing that in doing so she has incurred in an increasing probability of false positives. Full body scans and other current technology-driven medical diagnoses and methods are often compromised for the same reason. Likewise, in finance it is common to conduct millions, if not billions, of tests on the same data. Authors do not typically provide the number of experiments involved in a particular discovery, and as a result it is likely that many published investment theories or models are false positives. For example, in [3] the authors show that if only five years of daily stock market data are available as a backtest, then no more than 45 variations of a strategy should be tried on this data, or the resulting strategy will be overfit, in the specific sense that the strategy’s Sharpe Ratio (SR) is likely to be 1.0 or greater just by chance (even though the true SR may be zero or negative). The Sharpe Ratio (SR) and similar statistics are used to allocate capital to the best performing strategy. SR quantifies the performance of an investment strategy [6, 7], and is the ratio between average excess returns on capital, in excess of the return rate of a risk-free asset, and the standard deviation of the same returns [3]. Thus, the higher the ratio, the greater the return relative to the risk involved. Anyone who develops or even merely invests in a systematic investment strategy (or in an exchange traded fund based on such a strategy) needs to understand the degree to which strategies can be overfit,"
"The Deflated Sharpe Ratio: Correcting for Selection Bias, Backtest Overfitting, and Non-Normality","David H. Bailey, Marcos M. López de Prado",https://www.semanticscholar.org/paper/950f37470615dc6ae6e1f45f735408af11c48251,10.3905/jpm.2014.40.5.094,2014,"With the advent in recent years of large financial data sets, machine learning and high-performance computing, analysts can backtest millions (if not billions) of alternative investment strategies. Backtest optimizers search for combinations of parameters that maximize the simulated historical performance of a strategy, leading to backtest overfitting. The problem of performance inflation extends beyond backtesting. More generally, researchers and investors tend to report only positive outcomes, a phenomenon known as selection bias. Not controlling for the number of trials involved in a particular discovery leads to over-optimistic performance expectations. The Deflated Sharpe Ratio (DSR) corrects for two leading sources of performance inflation: Selection bias under multiple testing and non-Normally distributed returns. In doing so, DSR helps separate legitimate empirical findings from statistical flukes."
[PDF] THE DEFLATED SHARPE RATIO: CORRECTING FOR SELECTION ...,,https://www.davidhbailey.com/dhbpapers/deflated-sharpe.pdf,,2014-04-14,"Electronic copy available at: http://ssrn.com/abstract=2460551
THE DEFLATED SHARPE RATIO:
CORRECTING FOR SELECTION BIAS,
BACKTEST OVERFITTING AND NON-NORMALITY
David H. Bailey † Marcos López de Prado ‡
First version: April 15, 2014
This version: July 31, 2014
Journal of Portfolio Management, Forthcoming, 2014
________________________________
†
Recently retired from Lawrence Berkeley National Laboratory, Berkeley, CA 94720. Research Fellow at the 
University of California, Davis, Department of Computer Science. E-mail: david@davidhbailey.com
‡
Senior Managing Director, Guggenheim Partners, New York, NY 10017. Research Affiliate, Computational 
Research Division, Lawrence Berkeley National Laboratory, Berkeley, CA 94720. E-mail: lopezdeprado@lbl.gov
Special thanks are owed to Prof. David J. Hand (Royal Statistical Society), who reviewed an early version of this 
paper and suggested various extensions. We are also grateful to Matthew Beddall (Winton Capital), José Blanco 
(Credit Suisse), Jonathan M. Borwein (University of Newcastle, Australia), Sid Browne (Credit Suisse), Peter Carr 
(Morgan Stanley, NYU), Marco Dion (J.P. Morgan), Matthew D. Foreman (University of California, Irvine), 
Stephanie Ger (Berkeley Lab), Campbell Harvey (Duke University), Kate Land (Winton Capital), Jeffrey S. Lange 
(Guggenheim Partners), Attilio Meucci (KKR, NYU), Philip Protter (Columbia University), Riccardo Rebonato 
(PIMCO, University of Oxford), Mark Roulston (Winton Capital), Luis Viceira (HBS), John Wu (Berkeley Lab) and 
Jim Qiji Zhu (Western Michigan University).
The statements made in this communication are strictly those of the authors and do not represent the views of 
Guggenheim Partners or its affiliates. No investment advice or particular course of action is recommended. All 
rights reserved.
Electronic copy available at: http://ssrn.com/abstract=2460551
2
THE DEFLATED SHARPE RATIO:
CORRECTING FOR SELECTION BIAS,
BACKTEST OVERFITTING AND NON-NORMALITY
ABSTRACT
With the advent in recent years of large financial data sets, machine learning and highperformance computing, analysts can backtest millions (if not billions) of alternative investment 
strategies. Backtest optimizers search for combinations of parameters that maximize the 
simulated historical performance of a strategy, leading to backtest overfitting.
The problem of performance inflation extends beyond backtesting. More generally, researchers 
and investment managers tend to report only positive outcomes, a phenomenon known as 
selection bias. Not controlling for the number of trials involved in a particular discovery leads to 
over-optimistic performance expectations.
The Deflated Sharpe Ratio (DSR) corrects for two leading sources of performance inflation: 
Selection bias under multiple testing and non-Normally distributed returns. In doing so, DSR
helps separate legitimate empirical findings from statistical flukes.
Keywords: Sharpe ratio, Non-Normality, Probabilistic Sharpe ratio, Backtest overfitting, 
Minimum Track Record Length, Minimum Backtest Length.
JEL Classification: G0, G1, G2, G15, G24, E44.
AMS Classification: 91G10, 91G60, 91G70, 62C, 60E.
Electronic copy available at: http://ssrn.com/abstract=2460551
3
Today’s quantitative teams routinely scan through petabytes of financial data, looking for 
patterns invisible to the naked eye. In this endeavor, they are assisted by a host of technologies 
and advancing mathematical fields. Big data, machine learning, cloud networks and parallel 
processing have meant that millions (if not billions) of analyses can be carried out on a given 
dataset, searching for profitable investment strategies. To put this in perspective, the amount of 
data used by most quant teams today is comparable to the memory stored by Netflix to support 
its video-streaming business nationwide. This constitutes a radical change compared to the 
situation a couple of decades ago, when the typical financial analyst would run elementary
arithmetic calculations on a spreadsheet containing a few thousand datapoints. In this paper we
will discuss some of the unintended consequences of utilizing scientific techniques and highperformance computing without controlling for selection bias. While these problems are not 
specific to finance, examples are particularly abundant in financial research.
Backtests are a case in point. A backtest is a historical simulation of how a particular investment 
strategy would have performed in past. Although backtesting is a powerful and necessary 
research tool, it can also be easily manipulated. In this article we will argue that the most 
important piece of information missing from virtually all backtests published in academic 
journals and investment offerings is the number of trials attempted. Without this information, it 
is impossible to assess the relevance of a backtest. Put bluntly, a backtest where the researcher 
has not controlled for the extent of the search involved in his or her finding is worthless, 
regardless of how excellent the reported performance might be. Investors and journal referees
should demand this information whenever a backtest is submitted to them, although even this 
will not remove the danger completely.
MULTIPLE TESTING
Investment strategies are typically judged according to performance statistics. Because any 
measurement is associated with a margin of error, the process of selecting a statistical model is 
an instance of decision-making under uncertainty. We can never be certain that the true 
performance is above a certain threshold, even if the estimated performance is. Two sorts of 
errors arise: The Type I Error, with probability (also called “significance level”), and the Type 
II Error, with probability . The Type I Error occurs when we choose a strategy that should have 
been discarded (a “false positive”), and the Type II Error occurs when we discard a strategy that 
should have been chosen (a “false negative”). Decision makers are often more concerned with 
“false positives” than with “false negatives”. The reason is, they would rather exclude a true 
strategy than risking the addition of a false one. For risk-averse investors, a lost opportunity is 
less worrisome than an actual loss. For this reason, the standard practice is to design statistical 
tests which set the Type I Error probability to a low threshold (e.g., ), while maximizing 
the power of the test, defined as .
Suppose now that we are interested in analyzing multiple strategies on the same dataset, with the 
aim of choosing the best, or at least a good one, for future application. A curious problem then 
emerges: As we test more and more strategies, each at the same significance level , the overall 
probability of choosing at least one poor strategy grows. This is called the multiple testing 
problem, and it is so pervasive and notorious that the American Statistical Society explicitly 
warns against it its Ethical Guidelines (American Statistical Association, 1997, guideline #8):
4
Running multiple tests on the same data set at the same stage of an analysis 
increases the chance of obtaining at least one invalid result. Selecting the one 
“significant” result from a multiplicity of parallel tests poses a grave risk of an 
incorrect conclusion. Failure to disclose the full extent of tests and their results in 
such a case would be highly misleading.
SELECTION BIAS
Researchers conducting multiple tests on the same data tend to publish only those that pass a 
statistical significance test, hiding the rest. Because negative outcomes are not reported, investors 
are only exposed to a biased sample of outcomes. This problem is called “selection bias”, and it 
is caused by multiple testing combined with partial reporting, see Roulston and Hand [2013]. It 
appears in many different forms: Analysts who do not report the full extent of the experiments 
conducted (“file drawer effect”), journals that only publish “positive” outcomes (“publication 
bias”), indices that only track the performance of hedge funds that didn’t blow up (“survivorship 
bias”), managers who only publish the history of their (so far) profitable strategies (“selfselection bias”, “backfilling”), etc. What all these phenomena have in common is that critical 
information is hidden from the decision-maker, with the effect of a much larger than anticipated 
Type I Error probability. Ignoring the full extent of trials makes the improbable more probable, 
see Hand [2014].
The danger of encountering false positives is evident in High-Throughput Screening (HTS) 
research projects, such as those utilized to discover drug treatments, the design of chemical 
compounds or microarrays genetic testing. Bennett et al. [2010] were awarded the 2012 Ig Nobel 
prize for showing that even a salmon’s dead brain can appear to show significant activity under 
multiple MRI testing. More seriously, the pharmaceutical field has been stung with numerous 
recent instances of products that look great based on published trials, but which disappoint when 
actually fielded. The problem here, in many cases, is that only the results of successful tests are 
typically published, thereby introducing a fundamental bias into the system. Such experiences 
have led to the AllTrials movement (see http://alltrials.net), which would require the results of all 
trials to be made public.
In spite of the experience of HTS projects, it is rare to find financial studies that take into 
account the increased false positive rates that result from hiding multiple testing. The extent of 
this problem has led some researchers to paraphrase Ioannidis [2005] and conclude that “most 
claimed research findings in financial economics are likely false”, see Harvey et al. [2013].
BACKTEST OVERFITTING
What constitutes a legitimate empirical finding? After a sufficient number of trials, it is 
guaranteed that a researcher will always find a misleadingly profitable strategy, a false positive. 
Random samples contain patterns, and a systematic search through a large space of strategies 
will eventually lead to identifying one that profits from the chance configuration of how the 
random data have fallen. When a set of parameters are optimized to maximize the performance 
of a backtest, an investment strategy is likely to be fit to such flukes. This phenomenon is called 
5
“backtest overfitting”, and we refer the reader to Bailey et al. [2014] for a detailed discussion. 
Although the historical performance of an optimized backtest may seem promising, the random 
pattern that fuels it is unlikely to repeat itself in the future, hence rendering the strategy 
worthless. Structural breaks have nothing to do with the failure of the strategy in this situation.
Let us elucidate this point with an example. After tossing a fair coin ten times we could obtain by 
chance a sequence such as {+,+,+,+,+,-,-,-,-,-}, where “+” means head and “-” means tail. A 
researcher could determine that the best strategy for betting on the outcomes of this coin is to 
expect “+” on the first five tosses, and for “-” on the last five tosses (a typical “seasonal” 
argument in the investment community). When we toss that coin ten more times, we may obtain 
a sequence such as {-,-,+,-,+,+,-,-,+,-}, where we win 5 times and lose 5 times. That researcher’s 
betting rule was overfit, because it was designed to profit from a random pattern present only in 
the past. The rule has null power over the future, regardless of how well it appears to have 
worked in the past.
Competition among investment managers means that the ratio of signal to noise in financial 
series is low, increasing the probability of “discovering” a chance configuration, rather than an 
actual signal. The implication is that backtest overfitting is hard to avoid. Clearly this is a critical 
issue, because most investment decisions involve choosing among multiple candidates or 
alternatives.
AN ONLINE TOOL TO EXPLORE BACKTEST OVERFITTING
Researchers at the Lawrence Berkeley National Laboratory have developed an online application 
to explore the phenomenon of backtest overfitting. It first generates a pseudorandom time series 
mimicking a history of stock market prices. It then finds the parameter combination (holding 
period, stop loss, entry day, side, etc.) that optimizes the strategy’s performance. The tool usually 
has no problem finding a “profitable” strategy with any desired Sharpe ratio. Yet when this 
“profitable” strategy is applied to a second similar-length pseudorandom time series, it typically 
flounders, producing little gain or even a loss. To try this tool, visit 
http://datagrid.lbl.gov/backtest.
BACKTEST OVERFITTING UNDER MEMORY EFFECTS
In order to understand the effects of backtest overfitting on out-of-sample performance, we must 
introduce an important distinction: Financial processes with and without memory. A coin, 
whether fair or biased, does not have memory. The 50% heads ratio does not arise as a result of 
the coin “remembering” previous tosses. Patterns emerge, but they are “diluted away” as 
additional sequences of tosses are produced. Now suppose that we add a memory chip to that 
coin, such that it remembers the previous tosses and distributes its mass to compensate its 
outcomes. This memory actively “undoes” recent historical patterns, such that the 50% heads 
ratio is quickly recovered. Just as a spring memorizes its equilibrium position, financial variables 
that have acquired a high tension will return to equilibrium violently, undoing previous patterns.
The difference between “diluting” and “undoing” a historical pattern is enormous. Diluting does 
not contradict your bet, but undoing generates outcomes that systematically go against your bet!
6
Backtest overfitting tends to identify the trading rules that would profit from the most extreme 
random patterns in sample. In presence of memory effects, those extreme patters must be 
undone, which means that backtest overfitting will lead to loss maximization. See Bailey et al. 
(2014) for a formal mathematical proof of this statement. Unfortunately, most financial series 
exhibit memory effects, a situation that makes backtest overfitting a particularly onerous 
practice, and may explain why so many systematic funds fail to perform as advertised.
BACKTEST OVERFITTING AND THE HOLDOUT METHOD
Practitioners attempt to validate their backtests using several approaches. The holdout method is 
perhaps the best known example, see Schorfheide and Wolpin [2012] for a description. A 
researcher splits the available sample into two non-overlapping subsets: The in-sample subset 
(IS), and the out-of-sample subset (OOS). The idea is to discover a model using the IS subset, 
and then validate its generality on the OOS subset. The k-fold cross-validation method repeats 
the process of sample splitting k times, which contributes to the reduction of the estimation 
error’s variance. Then, OOS results are tested for statistical significance. For example, we could 
reject models where the OOS performance is inconsistent with the IS performance.
From our earlier discussion, the reader should understand why the holdout method cannot
prevent backtest overfitting: Holdout assesses the generality of a model as if a single trial had 
taken place, again ignoring the rise in false positives as more trials occur. If we apply the holdout 
method enough times (say 20 times for a 95% confidence level), false positives are no longer 
unlikely: They are expected. The more times we apply holdout, the more likely an invalid 
strategy will pass the test, which will then be published as a single-trial outcome. While model 
validation techniques are relevant for guarding against testing hypotheses suggested by the data 
(called “Type III errors”), they do not control for backtest overfitting.
GENERAL APPROACHES TO MULTIPLE TESTING
In the previous sections we have introduced the problem of multiple testing. We have explained 
how multiple testing leads to an increased probability of false positives, and hiding negative 
outcomes of multiple testing leads to selection bias. We have seen that backtest overfitting is a 
particularly expensive form of selection bias, as a result of memory effects present in financial 
series. Finally, we have discussed why popular model validation techniques fail to address these 
problems. So what would constitute a proper strategy selection method?
Statisticians have been aware of the multiple testing and selection bias problems since the early 
part of the twentieth century, and have developed methods to tackle them (e.g. the classic 
Bonferroni approach to multiple testing, and Heckman’s work on selection bias - which won him 
a Nobel Prize). Recently, however, with the increase in large data sets and, in particular, 
challenges arising from bioinformatics, tackling multiple testing problems has become a hot 
research topic, with many new advances being made. See, for example, Dudoit and van der Laan 
[2008] and Dmitrienko et al. [2010]. For controlling familywise error rate - the probability that 
at least one test of multiple null hypotheses will be falsely rejected - a variety of methods have 
been developed, but researchers have also explored alternative definitions of error rate (e.g., 
Holm [1979]). In particular, the complementary false discovery rate (e.g. Benjamini and 
7
Hochberg [1995]) has attracted a great deal of attention. Instead of looking at the probability of 
falsely rejecting a true null hypothesis, this looks at the probability that a rejected hypothesis is 
null (which is arguably more relevant in most scientific situations, if not in the manufacturing 
situations for which Neyman and Pearson originally developed their approach to hypothesis 
testing).
Bailey et al. [2013] introduce a new cross-validation technique to compute the Probability of 
Backtest Overfitting (PBO). PBO assesses whether the strategy selection process has been 
conducive to overfitting, in the sense that selected strategies tend to underperform the median of 
trials out of sample. PBO is non-parametric and can be applied to any performance statistic, 
however it requires a large amount of information. We dedicate the remainder of the paper to 
develop a new parametric method to correct the Sharpe ratio for the effects of multiple testing, 
inspired by the false discovery rate approach.
EXPECTED SHARPE RATIOS UNDER MULTIPLE TRIALS
The Sharpe Ratio (SR) is the most widely used performance statistic (Sharpe [1966, 1975, 
1994]). It evaluates an investment in terms of returns on risk, as opposed to return on capital.
Portfolio managers are keen to improve their SRs, in order to rank higher in databases such as 
Hedge Fund Research, and receive greater capital allocations. Setting a constant cut-off threshold 
for SR above which portfolio managers or strategies are considered for capital allocation leads to 
the same selection bias discussed earlier: As more candidates are considered, the false positive 
rate keeps growing.
More formally, consider a set of N independent backtests or track records associated with a 
particular strategy class (e.g., Discretionary Macro). Each element of the set is called a trial, and 
it is associated with a SR estimate, ̂ , with . Suppose that these trials’ { ̂ }
follow a Normal distribution, with mean [{ ̂ }] and variance [{ ̂ }]. This is not an 
unreasonable assumption, since the concept of “strategy class” implies that the trials are bound 
by some common characteristic pattern. In other words, we assume that there is a mean and 
variance associated with the trials’ { ̂ } for a given strategy class. For example, we would 
expect the [{ ̂ }] from High Frequency Trading trials to be greater than [{ ̂ }] from
Discretionary Macro. Appendix 1 proves that, under these assumptions, the expected maximum
of { ̂ } after independent trials can be approximated as:
 [ { ̂ }] [{ ̂ }]
 √ [{ ̂ }] (( ) 
 
[ 
 
 
] 
 
[ 
 
 
 
 
])
(1)
where (approx. 0.5772) is the Euler-Mascheroni constant, is the cumulative function of the 
standard Normal distribution, and e is Euler’s number. Appendix 2 runs numerical experiments 
that contrast the accuracy of this solution. Appendix 3 shows how N can be determined when the 
trials are not independent.
8
Equation 1 tells us that, as the number of independent trials (N) grows, so will grow the expected 
maximum of { ̂ } . Exhibit 1 illustrates this point for [{ ̂ }] , [{ ̂ }] and 
 [ ].
[EXHIBIT 1 HERE]
Consequently, it is not surprising to obtain good backtest results or meet better portfolio 
managers as we parse through more candidates. This is a consequence of purely random 
behavior, because we will observe better candidates even if there is no investment skill
associated with this strategy class ( [{ ̂ }] [{ ̂ }] ). In the following section we 
will use this fact to adjust the strategy rejection threshold as the number of independent trials 
increases.
THE DEFLATED SHARPE RATIO
When an investor selects the best performing strategy over a large number of alternatives, she 
exposes herself to “the winner’s curse.” As we have shown in the previous section, she is likely 
to choose a strategy with an inflated Sharpe ratio. Performance out of sample is likely to 
disappoint, a phenomenon called “regression to the mean” in the shrinkage estimation literature, 
see Efron [2011]. In what follows we will provide an estimator of the Sharpe ratio that undoes 
the selection bias introduced by multiple testing, while also correcting for the effects of NonNormal returns.
The Probabilistic Sharpe Ratio (PSR), developed in Bailey and López de Prado [2012a], 
computes the probability that the true SR is above a given threshold. This rejection threshold is 
determined by the user. PSR takes into account the sample length and the first four moments of 
the returns’ distribution. The reason for this, as several studies have demonstrated, is the 
inflationary effect of short samples and samples drawn from non-Normal returns distributions. 
We refer the interested reader to Lo [2002], Mertens [2002], López de Prado and Peijan [2004], 
Ingersoll et al. [2007] for a discussion.
Our earlier analysis has shown a second source of inflation, caused by selection bias. Both 
sources of inflation, when conflated, can lead to extremely high estimated values ̂, even when 
the true SR may be null. In this paper we propose a Deflated Sharpe Ratio (DSR) statistic that
corrects for both sources of ̂ inflation, defined as:
 ̂ ̂ ( ̂ ) 
[
 
 
 
( ̂ ̂ )√ 
√ ̂ ̂ 
 ̂ 
 
 ̂ 
]
 
 
 
(2)
where ̂ √ [{ ̂ }] (( ) 
 
[ 
 
 
] 
 
[ 
 
 
 
 
]) , [{ ̂ }] is the variance 
across the trials’ estimated SR and N is the number of independent trials. We also use 
information concerning the selected strategy: ̂ is its estimated SR, T is the sample length, ̂ is 
9
the skewness of the returns distribution and ̂ is the kurtosis of the returns distribution for the 
selected strategy. Z is the cumulative function of the standard Normal distribution.
Essentially, DSR is a PSR where the rejection threshold is adjusted to reflect the multiplicity of 
trials. The rationale behind DSR is the following: Given a set of SR estimates, { ̂ }, its
expected maximum is greater than zero, even if the true SR is zero. Under the null hypothesis 
that the actual Sharpe ratio is zero, , we know that the expected maximum ̂ can be 
estimated as the ̂ in Eq.(2). Indeed, ̂ increases as more independent trials are attempted
(N), or the trials involve a greater variance ( [{ ̂ }]).
Note that the standard ̂ is computed as a function of two estimates: Mean and standard 
deviation of returns. DSR deflates SR by taking into consideration five additional variables: The 
non-Normality of the returns ( ̂ ̂ 
), the length of the returns series ( ), the variance of the SRs 
tested ( [{ ̂ }]), as well as the number of independent trials involved in the selection of the 
investment strategy ( ).
In an excellent recent study, Harvey and Liu [2014], henceforth denoted HL, compute the 
threshold that a new strategy’s Sharpe ratio must overcome in order to evidence greater 
performance. HL’s solution is based on Benjamini and Hochberg’s framework. The role of HL’s 
threshold is analogous to the role played by our [ { ̂ }] in Eq. (1), which we derived 
through Extreme Value Theory. DSR uses this threshold to deflate a particular Sharpe ratio 
estimate (see Eq. (2)). In other words, DSR computes how statistically significant a particular ̂
is, considering the set of trials carried out so far. In the current paper we apply DSR to the 
 [ { ̂ }] threshold, but DSR could also be computed on HL’s threshold. From that 
perspective, these two methods are complementary, and we encourage the reader to compute 
DSR using both thresholds, [ { ̂ }] as well as HL’s.
A NUMERICAL EXAMPLE
Suppose that a strategist is researching seasonality patterns in the treasury market. He believes 
that the U.S. Treasury’s auction cycle creates inefficiencies that can be exploited by selling offthe-run bonds a few days before the auction, and buying the new issue a few days after the 
auction. He backtests alternative configurations of this idea, by combining different pre-auction 
and post-auction periods, tenors, holding periods, stop-losses, etc. He uncovers that many 
combinations yield an annualized ̂ of 2, with a particular one yielding a ̂ of 2.5 over a daily 
sample of 5 years. 
Excited by this result, he calls an investor asking for funds to run this strategy, arguing that an 
annualized ̂ of 2.5 must be statistically significant. The investor, who is familiar with a paper 
recently published by the Journal of Portfolio Management, asks the strategist to disclose: i) The 
number of independent trials carried out (N); ii) the variance of the backtest results ( [{ ̂ }]); 
iii) the sample length (T); and iv) the skewness and kurtosis of the returns ( ̂ ̂ ). The analyst 
responds that , [{ ̂ }] 
 
 
, T=1250, ̂ and ̂ . 
10
Shortly after, the investor declines the analyst’s proposal. Why? Because the investor has 
determined that this is not a legitimate empirical discovery at a 95% confidence level. In 
particular, ̂ √
 
 (( ) 
 
[ 
 
 ] 
 
[ 
 
 
 
 
]) , nonannualized (with 250 observations per year), and ̂ [
(
 
√ 
 )√ 
√ ( )
 
√ 
 
 
 
(
 
√ 
)
 
] 
 .
[EXHIBIT 2 HERE]
Exhibit 2 plots how the rejection threshold ̂ increases with N, and consequently ̂ decreases. The investor has recognized that there is only a 90% chance that the true SR 
associated with this strategy is greater than zero. Should the strategist have made his discovery 
after running only N=46 independent trials, the investor may have allocated some funds, as ̂ would have been 0.9505, above the 95% confidence level.
Non-Normality also played a role in discarding this investment offer. If the strategy had
exhibited Normal returns ( ̂ ̂ ), ̂ after N=88 independent trials. If nonNormal returns had not inflated the performance so much, the investor would have been willing 
to accept a much larger number of trials. This example illustrates that it is critical for investors to 
account for both sources of performance inflation jointly, as DSR does.
WHEN SHOULD WE STOP TESTING?
One important practical implication of this research is that multiple testing is a useful tool that 
should not be abused. Multiple testing exercises should be carefully planned in advance, so as to 
avoid running an unnecessarily large number of trials. Investment theory, not computational 
power, should motivate what experiments are worth conducting. This begs the question, what is 
the optimal number of trials that should be attempted?
An elegant answer to this critical question can be found in the theory of optimal stopping, more 
concretely the so called “secretary problem”, or 1/e-law of optimal choice, see Bruss [1984].
There are many versions of this problem, but the key notion is that we wish to impose a cost to 
the number of trials conducted, because every additional trial irremediably increases the 
probability of a false positive.1
In the context of our discussion, it translates as follows: From the set of strategy configurations 
that are theoretically justifiable, sample a fraction 
 
⁄ of them (roughly 37%) at random and 
measure their performance. After that, keep drawing and measuring the performance of 
additional configurations from that set, one by one, until you find one that beats all of the 
 
1
In the original “secretary problem” the decision-maker had no possibility of choosing a past candidate. This is not 
necessarily the case when selecting a strategy. However the key similarity is that in both cases the counter of trials 
cannot be turned back.
11
previous. That is the optimal number of trials, and that “best so far” strategy the one that should 
be selected.
This result provides a useful rule of thumb, with applications that go beyond the number of 
strategy configurations that should be backtested. It can be applied to situations where we test 
multiple alternatives with the goal of choosing a near-best as soon as possible, so as to minimize 
the chances of a false positive.
CONCLUSIONS
Machine learning, high-performance computing and related technologies have advanced many 
fields of the sciences. For example, the U.S. Department of Energy’s SciDAC (Scientific 
Discovery through Advanced Computing) program uses terascale computers to “research 
problems that are insoluble by traditional theoretical and experimental approaches, hazardous 
to study in the laboratory, or time-consuming or expensive to solve by traditional means.”2
Many of these techniques have become available to financial analysts, who use them to search 
for profitable investment strategies. Academic journals often publish backtests that report the 
performance of such simulated strategies. One problem with these innovations is that, unless 
strict scientific protocols are followed, there is a substantial risk of selecting and publishing false 
positives.
We have argued that selection bias is ubiquitous in the financial literature, where backtests are 
often published without reporting the full extent of the trials involved in selecting that particular 
strategy. To make matters worse, we know that backtest overfitting in the presence of memory 
effects leads to negative performance out-of-sample. Thus, selection bias combined with backtest 
overfitting misleads investors into allocating capital to strategies that will systematically lose 
money. The customary disclaimer that “past performance does not guarantee future results” is 
too lenient when in fact adverse outcomes are very likely.
In this paper we have proposed a test to determine whether an estimated SR is statistically 
significant after correcting for two leading sources of performance inflation: Selection bias and 
non-Normal returns. The Deflated Sharpe Ratio (DSR) incorporates information about the 
unselected trials, such as the number of independent experiments conducted and the variance of 
the SRs, as well as taking into account the sample length, skewness and kurtosis of the returns’ 
distribution.
 
2
http://outreach.scidac.gov/scidac-overview
12
APPENDICES
A.1. DERIVING THE EXPECTED MAXIMUM SHARE RATIO
We would like to derive the expected Sharpe Ratio after N independent trials. Consider a set { 
}
of independent and identically distributed random variables drawn from a Normal Distribution, 
 [ 
 
], . We can build a standardized set { } by computing 
 
 
, 
where [ ] . The set { 
} is therefore identical to the set { }. For , the 
order of the set { 
} is unchanged, consequently
 { 
} { } { } (3)
where the same element is the maximum in both sets. Because the mathematical expectation 
operator, [ ], is linear, we know that
 [ { 
}] [ { }] (4)
Bailey et al. [2014a] prove that given a series of independent and identically distributed standard 
normal random variables, , , the expected maximum of that series, [ ] 
 [ { 
}], can be approximated for a large N as
 [ ] ( ) 
 
[ 
 
 
] 
 
[ 
 
 
 
 
]
(5)
where (approx. 0.5772) is the Euler-Mascheroni constant, e is Euler’s number, and .
Combining both results, we obtain that
 [ { 
}] (( ) 
 
[ 
 
 
] 
 
[ 
 
 
 
 
])
(6)
 
A.2. EXPERIMENTAL VERIFICATION
We can evaluate experimentally the accuracy of the previous result. First, for a given set of 
parameters { [{ ̂ }] [{ ̂ }] } we compute [ { ̂ }] analytically, i.e. applying Eq. 
(6). Second, we would like to compare that value with a numerical estimation. That numerical 
estimation is obtained by drawing Q random sets of { ̂ } of size N from a Normal distribution 
with mean [{ ̂ }] and variance [{ ̂ }] , computing the maximum of those sets, and 
estimating their mean, 
 ∑ [{ ̂ }
 
]
 
 
. Third, we compute the estimation error as 
 [ { ̂ }] 
 ∑ [{ ̂ }
 
]
 
 
, where we expect . Fourth, we can repeat 
the previous three steps for a wide variety of combinations of { [{ ̂ }] [{ ̂ }] }, and 
evaluate the magnitude and patterns of the resulting under various scenarios.
[EXHIBIT 3.1 HERE]
13
[EXHIBIT 3.2 HERE]
Exhibit 3.1 plots a heat map of values where [{ ̂ }] [ ] , [ ] , 
 and [{ ̂ }] . Exhibit 3.2 plots the analogous heat map, where we have set 
 [{ ̂ }] . It is easy to verify that alternative values of [{ ̂ }] generate similar 
outcomes. Snippet 1 implements in Python the experiment discussed earlier.
#!/usr/bin/env python
# On 20140607 by lopezdeprado@lbl.gov
import numpy as np,scipy.stats as ss,pandas as pd
from itertools import product
#-------------------------------------------------------------------------------
def getExpMaxSR(mu,sigma,numTrials):
 # Compute the expected maximum Sharpe ratio (Analytically)
 emc=0.5772156649 # Euler-Mascheroni constant
 maxZ=(1-emc)*ss.norm.ppf(1-1./numTrials)+emc*ss.norm.ppf(1-1./(numTrials*np.e))
 return mu+sigma*maxZ
#-------------------------------------------------------------------------------
def getDistMaxSR(mu,sigma,numTrials,numIters):
 # Compute the expected maximum Sharpe ratio (Numerically)
 maxSR,count=[],0
 while count"
What Threshold Should be Applied to Tests of Factor Models?,"Campbell R. Harvey, Alessio Sancetta, Yuqian Zhao",https://www.semanticscholar.org/paper/28dce8def0376147a2398ee458b87ca95c5bf28e,10.2139/ssrn.6326686,2026,"Researchers generally acknowledge that statistical tests must be adjusted when hundreds of factors and trading strategies have been examined. But how should these adjustments be made? Existing methods are often misunderstood or misapplied. We show that proper inference requires accounting for dependence across tests, correctly specifying the null distribution, and mitigating sample-selection bias. We develop a simple framework that avoids assumptions about the total number of tests run and yields a lower bound on valid significance thresholds - implying that researchers should employ a t-statistic cutoff of at least 3.0. In addition, we advocate using the local False Discovery Rate, which provides the probability that the null hypothesis is true for a given test-statistic realization - information that a conventional p-value cannot supply.Institutional subscribers to the NBER working paper series, and residents of developing countries may download this paper without additional charge at www.nber.org."
Anomalies and False Rejections,"Tarun Chordia, Amit Goyal, Alessio Saretto, Andrew KarolyiEditor",https://www.semanticscholar.org/paper/7e46f0ef18c24705341eb445a3ad011cd2596038,10.1093/rfs/hhaa018,2020,"
 We use information from over 2 million trading strategies randomly generated using real data and from strategies that survive the publication process to infer the statistical properties of the set of strategies that could have been studied by researchers. Using this set, we compute $t$-statistic thresholds that control for multiple hypothesis testing, when searching for anomalies, at 3.8 and 3.4 for time-series and cross-sectional regressions, respectively. We estimate the expected proportion of false rejections that researchers would produce if they failed to account for multiple hypothesis testing to be about 45%."
Backtest overfitting in the machine learning era: A comparison of out-of-sample testing methods in a synthetic controlled environment,"Hamidreza Arian, Daniel Norouzi Mobarekeh, Luis A. Seco",https://www.semanticscholar.org/paper/b049ef6182b53d7e97a6653c45882bcd52373920,10.2139/ssrn.4686376,2024,"This research explores the integration of advanced statistical models and machine learning in financial analytics, representing a shift from traditional to advanced, data-driven methods. We address a critical gap in quantitative finance: the need for robust model evaluation and out-of-sample testing methodologies, particularly tailored cross-validation techniques for financial markets. We present a comprehensive framework to assess these methods, considering the unique characteristics of financial data like non-stationarity, autocorrelation, and regime shifts. Through our analysis, we unveil the marked superiority of the Combinatorial Purged (CPCV) method in mitigating overfitting risks, outperforming traditional methods like K-Fold, Purged K-Fold, and especially Walk-Forward, as evidenced by its lower Probability of Backtest Overfitting (PBO) and superior Deflated Sharpe Ratio (DSR) Test Statistic. Walk-Forward, by contrast, exhibits notable shortcomings in false discovery prevention, characterized by increased temporal variability and weaker stationarity. This contrasts starkly with CPCV's demonstrable stability and efficiency, confirming its reliability for financial strategy development. The analysis also suggests that choosing between Purged K-Fold and K-Fold necessitates caution due to their comparable performance and potential impact on the robustness of training data in out-of-sample testing. Our investigation utilizes a Synthetic Controlled Environment incorporating advanced models like the Heston Stochastic Volatility, Merton Jump Diffusion, and Drift-Burst Hypothesis, alongside regime-switching models. This approach provides a nuanced simulation of market conditions, offering new insights into evaluating cross-validation techniques. Our study underscores the necessity of specialized validation methods in financial modeling, especially in the face of growing regulatory demands and complex market dynamics. It bridges theoretical and practical finance, offering a fresh outlook on financial model validation. Highlighting the significance of advanced cross-validation techniques like CPCV, our research enhances the reliability and applicability of financial models in decision-making."
A novel approach to trading strategy parameter optimization using double out-of-sample data and walk-forward techniques,"Tomasz Mroziewicz, R. Ślepaczuk",https://www.semanticscholar.org/paper/d536903c1aad0edfd75d6e1dda8193eecd69a7a5,,2026,"This study introduces a novel approach to walk-forward optimization by parameterizing the lengths of training and testing windows. We demonstrate that the performance of a trading strategy using the Exponential Moving Average (EMA) evaluated within a walk-forward procedure based on the Robust Sharpe Ratio is highly dependent on the chosen window size. We investigated the strategy on intraday Bitcoin data at six frequencies (1 minute to 60 minutes) using 81 combinations of walk-forward window lengths (1 day to 28 days) over a 19-month training period. The two best-performing parameter sets from the training data were applied to a 21-month out-of-sample testing period to ensure data independence. The strategy was only executed once during the testing period. To further validate the framework, strategy parameters estimated on Bitcoin were applied to Binance Coin and Ethereum. Our results suggest the robustness of our custom approach. In the training period for Bitcoin, all combinations of walk-forward windows outperformed a Buy-and-Hold strategy. During the testing period, the strategy performed similarly to Buy-and-Hold but with lower drawdown and a higher Information Ratio. Similar results were observed for Binance Coin and Ethereum. The real strength was demonstrated when a portfolio combining Buy-and-Hold with our strategies outperformed all individual strategies and Buy-and-Hold alone, achieving the highest overall performance and a 50 percent reduction in drawdown. A conservative fee of 0.1 percent per transaction was included in all calculations. A cost sensitivity analysis was performed as a sanity check, revealing that the strategy's break-even point was around 0.4 percent per transaction. This research highlights the importance of optimizing walk-forward window lengths and emphasizing the value of single-time out-of-sample testing for reliable strategy evaluation."
Interpretable Hypothesis-Driven Trading:A Rigorous Walk-Forward Validation Framework for Market Microstructure Signals,"Gagan Deep, Akash Deep, William Lamptey",https://www.semanticscholar.org/paper/71affc7e68d1fba013333af285545d429e02ccfe,,2025,"We develop a rigorous walk-forward validation framework for algorithmic trading designed to mitigate overfitting and lookahead bias. Our methodology combines interpretable hypothesis-driven signal generation with reinforcement learning and strict out-of-sample testing. The framework enforces strict information set discipline, employs rolling window validation across 34 independent test periods, maintains complete interpretability through natural language hypothesis explanations, and incorporates realistic transaction costs and position constraints. Validating five market microstructure patterns across 100 US equities from 2015 to 2024, the system yields modest annualized returns (0.55%, Sharpe ratio 0.33) with exceptional downside protection (maximum drawdown -2.76%) and market-neutral characteristics (beta = 0.058). Performance exhibits strong regime dependence, generating positive returns during high-volatility periods (0.60% quarterly, 2020-2024) while underperforming in stable markets (-0.16%, 2015-2019). We report statistically insignificant aggregate results (p-value 0.34) to demonstrate a reproducible, honest validation protocol that prioritizes interpretability and extends naturally to advanced hypothesis generators, including large language models. The key empirical finding reveals that daily OHLCV-based microstructure signals require elevated information arrival and trading activity to function effectively. The framework provides complete mathematical specifications and open-source implementation, establishing a template for rigorous trading system evaluation that addresses the reproducibility crisis in quantitative finance research. For researchers, practitioners, and regulators, this work demonstrates that interpretable algorithmic trading strategies can be rigorously validated without sacrificing transparency or regulatory compliance."
The GT-Score: A Robust Objective Function for Reducing Overfitting in Data-Driven Trading Strategies,Alexander Pearson Sheppert,https://www.mdpi.com/1911-8074/19/1/60/pdf?version=1768202217,10.3390/jrfm19010060,2026,"Overfitting remains a critical challenge in data-driven financial modelling, where machine learning (ML) systems learn spurious patterns in historical prices and fail out of sample and in deployment. This paper introduces the GT-Score, a composite objective function that integrates performance, statistical significance, consistency, and downside risk to guide optimization toward more robust trading strategies. This approach directly addresses critical pitfalls in quantitative strategy development, specifically data snooping during optimization and the unreliability of statistical inference under non-normal return distributions. Using historical stock data for 50 S&P 500 companies spanning 2010–2024, we conduct an empirical evaluation that includes walk-forward validation with nine sequential time splits and a Monte Carlo study with 15 random seeds across three trading strategies. In walk-forward validation, GT-Score improves the generalization ratio (validation return divided by training return) by 98% relative to baseline objective functions. Paired statistical tests on Monte Carlo out-of-sample returns indicate statistically detectable differences between objective functions (p < 0.01 for comparisons with Sortino and Simple), with small effect sizes. These results suggest that embedding an anti-overfitting structure into the objective can improve the reliability of backtests in quantitative research."
Robust optimization of algorithmic trading systems,"B. Lindquist, José Manuel",https://www.semanticscholar.org/paper/95b47b930ed81d9cdfd20fae971f3cbd6a0723d6,,2017,"GAs (Genetic Algorithms) and GP (Genetic Programming) are investigated for finding robust Technical Trading Strategies (TTSs). TTSs evolved with standard GA/GP techniques tend to suffer from over-fitting as the solutions evolved are very fragile to small disturbances in the data. The main objective of this thesis is to explore optimization techniques for GA/GP which produce robust TTSs that have a similar performance during both optimization and evaluation, and are also able to operate in all market conditions and withstand severe market shocks. In this thesis, two novel techniques that increase the robustness of TTSs and reduce over-fitting are described and compared to standard GA/GP optimization techniques and the traditional investment strategy Buy & Hold. The first technique employed is a robust multi-market optimization methodology using a GA. Robustness is incorporated via the environmental variables of the problem, i.e. variablity in the dataset is introduced by conducting the search for the optimum parameters over several market indices, in the hope of exposing the GA to differing market conditions. This technique shows an increase in the robustness of the solutions produced, with results also showing an improvement in terms of performance when compared to those offered by conducting the optimization over a single market. The second technique is a random sampling method we use to discover robust TTSs using GP. Variability is introduced in the dataset by randomly sampling segments and evaluating each individual on different random samples. This technique has shown promising results, substantially beating Buy & Hold. Overall, this thesis concludes that Evolutionary Computation techniques such as GA and GP combined with robust optimization methods are very suitable for developing trading systems, and that the systems developed using these techniques can be used to provide significant economic profits in all market conditions."
Adaptive Multi-Asset Trading Strategy Optimization via Genetic Algorithms with Walk-Forward Robustness Analysis,"Hakan Kör, Sadık Hazar Zengin",https://journals.adbascientific.com/iteb/article/download/126/78,10.69882/adba.iteb.2026013,2026,"The stochastic, non-linear, and dynamic nature of financial markets significantly diminishes the effectiveness of traditional trading stratsgies relying on fixed parameters over extended periods. While the Efficient Market Hypothesis (EMH) suggests that asset prices reflect all available information, rendering systematic profit generation impossible, the field of algorithmic trading operates on the premise that temporary market inefficiencies and behavioral anomalies can be exploited. This study presents a comprehensive Genetic Algorithm (GA) framework designed to develop and optimize an adaptive trading strategy for multi-asset portfolios consisting of high-liquidity technology stocks (Apple, Microsoft, Google). Unlike traditional optimization methods that focus solely on parameter tuning for a single indicator, the proposed system introduces a novel ""genetic switch"" mechanism. This mechanism allows the algorithm to simultaneously optimize the structural components of the strategy determining which combination of indicators (EMA, MACD, RSI, Momentum) yields the best performance and their respective parameters. The model’s fitness function prioritizes risk-adjusted returns by utilizing a Calmar-like ratio, explicitly penalizing excessive drawdowns. To ensure robustness and mitigate the prevalent risk of overfitting (data snooping bias), a rigorous Walk-Forward Optimization (WFO) technique was applied to daily data spanning the 2020-2024 period. The findings demonstrate that the proposed GA framework generates a robust trading system that statistically outperforms the passive ""buy-and-hold"" strategy, achieving a higher Sortino Ratio (1.98 vs 1.21) and significantly lower maximum drawdown (-18.5% vs -35.1%). The outperformance over the buy-and-hold benchmark is statistically validated across all walk-forward windows, indicating robustness rather than data snooping effects."
Backtesting Strategies Based on Multiple Signals,"Robert Novy-Marx, Robert Novy-Marx",https://doi.org/10.3386/w21329,10.3386/w21329,2015,"Strategies selected by combining multiple signals suffer severe overfitting biases, because underlying signals are typically signed such that each predicts positive in-sample returns. “Highly significant” backtested performance is easy to generate by selecting stocks on the basis of combinations of randomly generated signals, which by construction have no true power. This paper analyzes t-statistic distributions for multi-signal strategies, both empirically and theoretically, to determine appropriate critical values, which can be several times standard levels. Overfitting bias also severely exacerbates the multiple testing bias that arises when investigators consider more results than they present. Combining the best k out of n candidate signals yields a bias almost as large as those obtained by selecting the single best of n k candidate signals."
Forecast Optimization via Parameter Tuning: Performance Gain and Overfit,I. Soloveychik,https://www.semanticscholar.org/paper/5396c93b128c75fdfc3c363398eb263b281034bc,10.3905/JFDS.2020.1.044,2020,"Most predictors used in systematic trading are designed as functions of available data streams. The functional form of these signals involves tuning a number of parameters such as the trading frequency, sample sizes, entry and exit thresholds, stop losses, and so on to improve the performance of the predictor. It is well known that such tuning leads to overfitting, meaning that the constructed signal fits historical returns well but may poorly predict their future behavior. One of the central questions that has not been previously addressed is how much each fitting parameter contributes to the overall performance improvement. In this article, this question is addressed both quantitatively and qualitatively. The author concentrates on a simple, but very common in practice, fitting technique consisting of smoothing the signal using the weighted moving average. It is shown that the improvement of the Sharpe ratio mainly depends on the signal autocorrelation and its alpha decay parameter. The findings are confirmed by numerical simulations. This result sheds more light on the overfitting phenomenon in the context of investment strategy construction and reveals the sources of performance improvement in forecast design. TOPICS: Big data/machine learning, portfolio construction, simulations, statistical methods Key Findings • Fitting the parameters of return predictors on historical data unavoidably leads to statistical overfitting, which may result in partial or total failure of the signal in the out-of-sample period. • This article introduces a novel framework capable of precisely estimating the level of overfitting or performance gain arising from optimization over every parameter. • An illustration of the power of the new methodology is provided using the ubiquitous example of exponential moving average smoothing of the forecast."
ENSEMBLED LSTM WITH WALK FORWARD OPTIMIZATION IN ALGORITHMIC TRADING,"Karol Chojnacki, R. Ślepaczuk",https://www.semanticscholar.org/paper/ffbf4540f4e3152d412c34ffc03d105d30e5ff18,,2023,":: This study compares well-known tools of technical analysis (Moving Average Crossover MAC) with Machine Learning based strategies (LSTM and XGBoost) and Ensembled Machine Learning Strategies (LSTM ensembled with XGBoost and MAC). All models were compared to Buy and Hold benchmark and evaluated using Performance Metrics, that is Annualized Return Compounded, Maximum Drawdown, Maximum Loss Duration, and three types of Information Ratio. This research uses daily S&P 500 index data ranging from 2000 to 2023. Every strategy was optimized with novel walk forward approach consisting of numerous in sample and out of sample periods. MAC and best performing ML methods were subjected to sensitivity analysis. The results show that LSTM ensembled with XGBoost and MAC yields the most promising results in terms of risk-adjusted returns which suggest further research focused on ensembling of individual ML strategies. Finally, we show that classical methods of technical analysis (that is, MAC) are much less robust and indifferent to change in hyperparameters than machine learning based algorithms, especially LSTM."
Limitations of Quantitative Claims About Trading Strategy Evaluation,Michael Harris,https://www.semanticscholar.org/paper/cb5463ab51f613dacca2240b55fd723a4a32da64,10.2139/SSRN.2810170,2016,"One of the key assumptions of quantitative trading strategy evaluation is that Type II errors (missed discoveries) are preferable to Type I errors (false discoveries.) However, practitioners have known for long that the statistical properties of some genuine trading strategies are often indistinguishable from those of random trading strategies. Therefore, any adjustments of statistics to guard against p-hacking increase Type II error unless the power of the test is high. At the same time, the power of the test is limited by insufficient samples and changing market conditions. Furthermore, genuine strategies with statistical properties that are similar to those of random strategies may overfit due to favorable market conditions but fail when market conditions change. These facts severely limit the effectiveness of quantitative claims about trading strategy evaluation. Practitioners have instead resorted to Monte Carlo simulations and stochastic modeling in an effort to increase the chances of identifying robust trading strategies but these methods also have severe limitations due to changing market conditions, selection bias and data snooping. In this paper we present two examples that demonstrate the limitation of quantitative evaluation of trading strategies and we claim that the most effective way of guarding against overfitting and selection bias is by limiting the applications of backtesting to a class of strategies that employ similar but simple predictors of price. We claim that determining when market conditions change is in many cases fundamentally more important than any quantitative claims about trading strategy evaluation."
Trend-Following CTAs vs Alternative Risk-Premia (ARP) Products: Crisis Beta vs Risk-premia Alpha,"A. Sepp, Louis Dezeraud",https://www.semanticscholar.org/paper/8d7a1dc3bdfbcb39a4736024f017d0d775bacf21,,2019,"We introduce a regime-conditional regression model to measure the risk profile of systematic investment strategies. We apply this model to classify systematic strategies into defensive and risk-seeking strategies with either positive or negative risk-premia alpha. Using the performance of the SG Trend Index, we show that trend-following CTAs belong to an exemplary class of defensive active strategies with insignificant risk-premia alpha. We show that our model displays a strong empirical evidence for a cross-section of hedge fund and alternative risk-premia indices. 
 
Finally, we introduce the concept of a smart diversification for traditional and alternatives portfolios and apply trend-following CTAs to illustrate this concept. We show that the diversification benefits of trend-following CTAs arise from their “crisis” beta, and not crisis “alpha”."
Analysis of a Global Futures Trend-Following Strategy,"D. Nokes, L. Fulton",https://www.mdpi.com/1911-8074/12/3/111/pdf?version=1561797951,10.3390/JRFM12030111,2019,"Systematic traders employ algorithmic strategies to manage their investments. As a result of the deterministic nature of such strategies, it is possible to determine their exact responses to any conceivable set of market conditions. Consequently, sensitivity analysis can be conducted to systematically uncover undesirable strategy behavior and enhance strategy robustness by adding controls to reduce exposure during periods of poor performance/unfavorable market conditions, or to increase exposure during periods of strong performance/favorable market conditions. In this study, we formulate both a simple systematic trend-following strategy (i.e., trading model) to simulate investment decisions and a market model to simulate the evolution of instrument prices. We then map the relationship between market model parameters under various conditions and strategy performance. We focus, in particular, on identifying the performance impact of changes in both serial dependence in price variability and changes in the trend. The long-range serial dependence of the true range worsens performance of the simple classic trend-following strategy. During periods of strong performance, the dispersion of trading outcomes increases significantly as long-range serial dependence increases."
Breaking the Trend: How to Avoid Cherry-Picked Signals,Sébastien Valeyre,https://www.semanticscholar.org/paper/9bfd1746d111cafd68963917ddc21757b0e700dc,,2025,"Our empirical results, illustrated in Fig.5, show an impressive fit with the pretty complex theoritical Sharpe formula of a Trend following strategy depending on the parameter of the signal, which was derived by Grebenkov and Serror (2014). That empirical fit convinces us that a mean-reversion process with only one time scale is enough to model, in a pretty precise way, the reality of the trend-following mechanism at the average scale of CTAs and as a consequence, using only one simple EMA, appears optimal to capture the trend. As a consequence, using a complex basket of different complex indicators as signal, do not seem to be so rational or optimal and exposes to the risk of cherry-picking."
Open-sourced a cheat sheet on Lopez de Prado's backtesting ...,,https://www.reddit.com/r/quant/comments/1rlobeh/opensourced_a_cheat_sheet_on_lopez_de_prados/,,2026-03-04,"Open-sourced a cheat sheet on Lopez de Prado's backtesting methodology (Triple-Barrier, CPCV, Deflated Sharpe, Meta-Labeling) : r/quant Skip to main content Open-sourced a cheat sheet on Lopez de Prado's backtesting methodology (Triple-Barrier, CPCV, Deflated Sharpe, Meta-Labeling) : r/quant 

 

 

 

Go to quant 

r/quant 21d ago 

Adventurous-Mango-11 

 

# Open-sourced a cheat sheet on Lopez de Prado's backtesting methodology (Triple-Barrier, CPCV, Deflated Sharpe, Meta-Labeling)

I've been studying Lopez de Prado's work for a while now and put together a structured summary of his key methodologies into a single GitHub repo. It covers:

The Two Laws of quantitative research (why you shouldn't backtest while researching)

Triple-Barrier Method for labeling (vs naive fixed-horizon labels)

Meta-Labeling -- splitting side prediction from bet sizing to improve F1-score

Purging & Embargoing to prevent information leakage in time-series CV

Combinatorial Purged Cross-Validation (CPCV) instead of walk-forward

Deflated Sharpe Ratio and Probabilistic Sharpe Ratio for correcting multiple testing bias

Probability of Backtest Overfitting (PBO)

It's meant as a reference guide for anyone implementing these concepts. All credit goes to Prof. Lopez de Prado -- this is based entirely on his books (Advances in Financial Machine Learning and Machine Learning for Asset Managers).

Repo: https://github.com/Neyt/How-To-Backtest-Correctly

Would love feedback from people who have implemented any of these in production. Particularly curious about:

Has anyone found CPCV practical at scale vs simpler purged walk-forward?

What's your experience with meta-labeling -- does it actually improve live performance or just in-sample metrics?

How do you handle the Deflated Sharpe Ratio when your trial count is ambiguous (e.g., informal exploration vs formal backtests)?

Read more

Share 

---

• Promoted

Wispr Flow but 100% local

 

Collapse video player

---

 

 

sleyde2k 

21d ago

How did AQR hire this guy? I need to read one page of his papers to see that he’s selling snake oil.

 

 5

 

BroscienceFiction 

21d ago

My guess is that Cliff wanted some PR. Y’know, selling the idea that his firm wasn’t stuck in the old world of linear factors and that they were embracing and integrating new tech.

Come to think of it, the Emiratis are probably doing the same?

 

 2

 

ad_xyz 

17d ago

He didn’t last very long though…

 

 2

Continue this thread 

[deleted] 

21d ago

And desirous of putting an end to the interview, he pushed by her, and closed the door, as if to exclude the pain he felt.

 

 29

 

PretendTemperature 

21d ago

And i was wondering, am i the only one who finds his books kinda sloppy? But i am not a researcher so i always thought that i am missing something

 

 9

 

BroscienceFiction 

21d ago

He managed to make slop before LLMs were a thing.

 

 3

 1 more reply 

Continue this thread Continue this thread

 

AutoModerator 

21d ago

This post has been reported to the mods because of this comment, u/Dumbest-Questions, as potential AI spam. Please avoid using the word ""slop"" in future, if you think something is AI spam then make a report. Please note that the mods' bar for what looks like AI content is a bit higher than min(all r/quant users), so the post may not end up removed.

I am a bot, and this action was performed automatically. Please contact the moderators of this subreddit if you have any questions or concerns.

 

 0

 

RegardedBard 

21d ago

Dang, bots really be sensitive about the S-word.

 

 3

Continue this thread Continue this thread 

 

magikarpa1 

21d ago

I wonder if he ever truly worked in any MFT place.

 

 4

 

throwaway_queue 

21d ago

He used to work at Citadel and AQR right (and now heads ADIA quant)? Was he doing MFT at any of those?

 

 4

 

IllustriousMud5042 

21d ago

Here has never made money

If you’re good you don’t jump around like he does

 

 3

 5 more replies 

Continue this thread Continue this thread Continue this thread 

 

AutoModerator 

21d ago

We're getting a large amount of questions related to choosing masters degrees at the moment so we're approving Education posts on a case-by-case basis. Please make sure you're reviewed the FAQ and do not resubmit your post with a different flair.

Are you a student/recent grad looking for advice? In case you missed it, please check out our Frequently Asked Questions, book recommendations and the rest of our wiki for some useful information. If you find an answer to your question there please delete your post. We get a lot of education questions and they're mostly pretty similar!

I am a bot, and this action was performed automatically. Please contact the moderators of this subreddit if you have any questions or concerns.

 

 1

 

 

BottleInevitable7278 

17d ago

All is no exact science. You better get a ""feeling"" when something is robust or an overfit. The key is in finding and evaluating an edge. There should be a reason for this edge you are aware of. Much more important.

 

 1

 

Reddit Rules Privacy Policy User Agreement Accessibility Reddit, Inc. © 2026. All rights reserved.

Expand Navigation Collapse Navigation

 

 

Let us know your cookie preferences

Reddit uses cookies and similar technologies to:

- Keep the website operational and running properly
- Prevent fraud and abuse
- Monitor site usage and performance metrics

If you choose “Accept All” we’ll also use cookies to:

- Personalize your recommendations and ads
- Measure the performance of ads
- Develop and improve new features and services

If you choose “Reject Optional Cookies” we won’t use cookies for these additional uses. You can update your cookie preference from your settings.

Learn more about how Reddit uses cookies.

Accept All Reject Optional Cookies"
A Bayesian Approach to Measurement of Backtest Overfitting,J. Witzany,https://www.mdpi.com/2227-9091/9/1/18/pdf?version=1610168284,10.3390/RISKS9010018,2021,Quantitative investment strategies are often selected from a broad class of candidate models estimated and tested on historical data. Standard statistical techniques to prevent model overfitting such as out-sample backtesting turn out to be unreliable in situations when the selection is based on results of too many models tested on the holdout sample. There is an ongoing discussion of how to estimate the probability of backtest overfitting and adjust the expected performance indicators such as the Sharpe ratio in order to reflect properly the effect of multiple testing. We propose a consistent Bayesian approach that yields the desired robust estimates on the basis of a Markov chain Monte Carlo (MCMC) simulation. The approach is tested on a class of technical trading strategies where a seemingly profitable strategy can be selected in the naïve approach.